<k7pirata>
	<corona>
		<item>
			<title>Andrà Tutto Bene</title>
			<link>https://www.youtube.com/watch?v=hSH_4xnE76k</link>
			<thumbnail></thumbnail>
		</item>

		<item>
			<title>Evolução do Coronavirus</title>
			<link>https://www.youtube.com/watch?v=SLV1B5Lzy48</link>
			<thumbnail></thumbnail>
		</item>
		
		<item>
			<title>Sugestões & Conselhos</title>
			<link>https://pastebin.com/raw/n1nhc8g4</link>
			<thumbnail></thumbnail>
		</item>

		<item>
			<title>Porque é que o Coronavírus - Covid-19 - apareceu na China?</title>
			<link>https://www.youtube.com/watch?v=aKA3MkbKvI0</link>
			<thumbnail></thumbnail>
		</item>

		<item>
			<title>Coronavirus: Good for the environment?</title>
			<link>https://www.youtube.com/watch?v=UVxWWW63SdU</link>
			<thumbnail></thumbnail>
		</item>

		<item>
			<title>How Coronavirus Quarantines Lead To A Drop In Air Pollution</title>
			<link>https://www.youtube.com/watch?v=bhctp3RQAkA</link>
			<thumbnail></thumbnail>
		</item>

		<item>
			<title>Capitalism And The American Pandemic Response</title>
			<link>https://www.youtube.com/watch?v=zeF2rkyxDIo</link>
			<thumbnail></thumbnail>
		</item>
		
		<item>
			<title>Journalist goes undercover at "wet markets", where the Coronavirus started | 60 Minutes Australia</title>
			<link>https://www.youtube.com/watch?v=Y7nZ4mw4mXw</link>
			<thumbnail></thumbnail>
		</item>
  	</corona> 
</k7pirata>
