<k7pirata>
    <docs>		
        <dir>
            <title>Documentários Youtube</title>
        
                <summary>Documentários Youtube</summary>
            </meta>
            <link>file://docs/tubedocs.xml</link>
            <thumbnail>https://raw.githubusercontent.com/irmu/moria/master/_tools/art/gimli/camera.png</thumbnail>
        </dir>
		
		<plugin>
			<name>Documentários Recentes</name>
			<link>plugin://plugin.video.reddit_viewer/?mode=listSubReddit&amp;type=documentaries&amp;url=https%3a%2f%2fwww.reddit.com%2fr%2fdocumentaries%2f.json%3f%26limit%3d20</link>
			<thumbnail>https://raw.githubusercontent.com/irmu/moria/master/_tools/art/gimli/reddit.png</thumbnail>
			<summary>Diversos documentários powered pela comunidade do reddit</summary>
		</plugin>
		
        <dir>
            <title>Documentary Heaven</title>
            <meta>
                <summary>Documentários Documentary Heaven</summary>
            </meta>
            <link>file://docs/docuheaven.xml</link>
            <thumbnail>https://raw.githubusercontent.com/irmu/moria/master/_tools/art/gimli/camera.png</thumbnail>
        </dir>

        <dir>
            <title>Documentary Storm</title>
            <meta>
                <summary>Documentários Documentary Storm</summary>
            </meta>
            <link>file://docs/docustorm.xml</link>
            <thumbnail>https://raw.githubusercontent.com/irmu/moria/master/_tools/art/gimli/camera.png</thumbnail>
        </dir>

        <dir>
            <title>Top Documentaries</title>
            <meta>
                <summary>Documentários Documentary Films</summary>
            </meta>
            <link>file://docs/topdocs.xml</link>
            <thumbnail>https://raw.githubusercontent.com/irmu/moria/master/_tools/art/gimli/camera.png</thumbnail>
        </dir>
    </docs>
</arrakis>