<xml>
	<dir>
		<title>REALIZADORES</title>
		<link>file://maestros/maestros.xml</link>
		<thumbnail>https://raw.githubusercontent.com/irmu/moria/master/_tools/art/gimli/clapper.png</thumbnail>
		<summary>Filmografia de Realizadores Selecionados</summary>
		<fanart></fanart>
	</dir>

<dir>
    <title>[COLOR lightgreen]OSCARS[/COLOR]</title>
    <thumbnail>https://raw.githubusercontent.com/irmu/moria/master/_tools/art/gimli/clapper.png</thumbnail>
    <link>file://oscars/oscars.xml</link>
    <summary>Vencedores dos Oscar Awards</summary>
</dir>
	<dir>
		<title>POPULARES</title>
		<tmdb>movies/popular</tmdb>
		<thumbnail>https://raw.githubusercontent.com/irmu/moria/master/_tools/art/gimli/clapper.png</thumbnail>
		<summary>Filmes mais populares no TMDB</summary>
		<fanart></fanart>
	</dir>

	<dir>
		<title>[COLOR lightgreen]TOP RATED[/COLOR]</title>
		<tmdb>movies/top_rated</tmdb>
		<thumbnail>https://raw.githubusercontent.com/irmu/moria/master/_tools/art/gimli/clapper.png</thumbnail>
		<summary>Os melhores cotados</summary>
		<fanart></fanart>
	</dir>

	<dir>
		<title>[COLOR lightgreen]NOW PLAYING[/COLOR]</title>
		<tmdb>movies/now_playing</tmdb>
		<thumbnail>https://raw.githubusercontent.com/irmu/moria/master/_tools/art/gimli/clapper.png</thumbnail>
		<summary>Toda a malta a picar o mambo</summary>
		<fanart></fanart>
	</dir>

	<dir>
		<title>[COLOR lightgreen]PRETO & BRANCO[/COLOR]</title>
		<bnw>movies</bnw>
		<summary>Filmes do antigamente</summary>
		<thumbnail>https://pbs.twimg.com/profile_images/1004442158248554497/k4iRjaEN_400x400.jpg</thumbnail>
		<fanart>https://proxy.duckduckgo.com/iu/?u=http%3A%2F%2Fgetwallpapers.com%2Fwallpaper%2Ffull%2F5%2F7%2Fd%2F302415.jpg</fanart>
	</dir>
 
	<dir>
		<title>[COLOR lightgreen]THE DUKE[/COLOR]</title>
		<duke>all</duke>
		<thumbnail>https://pbs.twimg.com/profile_images/1004442158248554497/k4iRjaEN_400x400.jpg</thumbnail>
		<fanart>https://cdn.wallpapersafari.com/64/42/S8b2No.jpg</fanart>
		<summary>Filmes do John Wayne</summary>
	</dir>
 
	<dir>
		<title>[COLOR lightgreen]PESQUISA[/COLOR]</title>
		<tmdb>search</tmdb>
		<thumbnail></thumbnail>
		<summary>Pesquisa de filmes</summary>
		<fanart></fanart>
	</dir>
</xml>
