<k7pirata>
	<montra>
		<dir>
			<title>CORONA</title>
			<summary>Toda a informação actualizada sobre a CoviD-19</summary>
			<thumbnail>https://cdn0.iconfinder.com/data/icons/coronavirus-4/64/Coronavirus_corona_virus_1-512.png</thumbnail>
			<link>file://corona.xml</link>
		</dir>
		
		<dir>
			<title>FILMES</title>
			<summary>Filmes disponíveis no Clube de Vídeo</summary>
			<thumbnail>https://raw.githubusercontent.com/irmu/moria/master/_tools/art/gimli/clapper.png</thumbnail>
			<link>file://filmes.xml</link>
		</dir>
		
		<dir>
			<title>SÉRIES</title>
			<summary>Séries TV disponíveis no Clube de Vídeo</summary>
			<thumbnail>https://raw.githubusercontent.com/irmu/moria/master/_tools/art/gimli/TV.png</thumbnail>
			<link>file://tv.xml</link>
		</dir>

		<dir>
			<title>DOCUMENTÁRIOS</title>
			<summary>Secção documental</summary>
			<thumbnail>https://raw.githubusercontent.com/irmu/moria/master/_tools/art/gimli/camera.png</thumbnail>
			<link>file://docs.xml</link>
		</dir>

		<dir>
			<title>DESPORTO</title>
			<summary>Cardápio de desporto</summary>
			<thumbnail>https://raw.githubusercontent.com/irmu/moria/master/_tools/art/gimli/foot.png</thumbnail>
			<link>file://desporto.xml</link>
		</dir>
		
        <dir>
            <title>DEFINIÇÕES</title>
            <summary>Definições do Clube de Vídeo</summary>
            <link>file://mysettings.xml</link>
            <thumbnail>https://raw.githubusercontent.com/irmu/moria/master/_tools/art/gimli/cog.png</thumbnail>
        </dir>
	</montra>
</k7pirata>