<xml>
    <tubas>
        <plugin>
            <title>60 Second Documentaries</title>
            <meta>
                <summary>A diverse series of documentaries that provide a new look into the most unique characters, expressions and practices that make up the world.</summary>
            </meta>
            <link>plugin://plugin.video.youtube/channel/UCYsWPPZMhfI9EddYpPe6CYw/playlists/</link>
        </plugin>

        <plugin>
            <title>Ahlulbayt: Documentaries</title>
            <meta>
                <summary>Ahlulbayt: Documentaries</summary>
            </meta>
            <link>plugin://plugin.video.youtube/channel/UCZHDX1YOIys7tHgEzTzg-qw/</link>
        </plugin>

        <plugin>
            <title>Ancient Architects</title>
            <meta>
                <summary>Ancient Architects is a YouTube channel dedicated to unravelling history's most enigmatic mysteries. We look at the structures that define the world's most ancient civilisations, from The Sphinx and the Great Pyramid, to Stonehenge and Gobekli Tepe.</summary>
            </meta>
            <link>plugin://plugin.video.youtube/channel/UCscI4NOggNSN-Si5QgErNCw/playlists/</link>
        </plugin>

        <plugin>
            <title>Best Documentary HD</title>
            <meta>
                <summary>Best Documentary HD</summary>
            </meta>
            <link>plugin://plugin.video.youtube/channel/UC7BmSs6TWeizQypr1WPh61w/</link>
        </plugin>

        <plugin>
            <title>CIA Documentary 2017</title>
            <meta>
                <summary>CIA Documentary 2017</summary>
            </meta>
            <link>plugin://plugin.video.youtube/channel/UCAL_bvQR8RtINTdhrp7j2Kw/playlists/</link>
        </plugin>

        <plugin>
            <title>Cold Fusion</title>
            <meta>
                <summary>Cold Fusion Documentary Channel</summary>
            </meta>
            <link>plugin://plugin.video.youtube/channel/UC4QZ_LsYcvcq7qOsOhpAX4A/</link>
        </plugin>

        <plugin>
            <title>Cosmic Continuum</title>
            <meta>
                <summary>Cosmic Continuum</summary>
            </meta>
            <link>plugin://plugin.video.youtube/channel/UCCqA_KFS2c62bm5pp_7ssyw/playlists/</link>
        </plugin>

        <plugin>
            <title>Crime Documentary Channel</title>
            <meta>
                <summary>Crime Documentary Channel</summary>
            </meta>
            <link>plugin://plugin.video.youtube/channel/UCjVBop1bDxWP8OuhljEhADA/playlists/</link>
        </plugin>

        <plugin>
            <title>Doco Zone - Crime Documentaries</title>
            <meta>
                <summary>Watch the most controversial documentaries online! Best gang documentaries of 2016-2017, including some of the most vicious gangs in the plant like the bloods, crips, Mara salvatrucha,  and more !</summary>
            </meta>
            <link>plugin://plugin.video.youtube/channel/UCDvN1pp1DHRZxLMelj_r1wQ/playlists/</link>
        </plugin>

        <plugin>
            <title>Documentary Channel</title>
            <meta>
                <summary>Documentary Channel</summary>
            </meta>
            <link>plugin://plugin.video.youtube/channel/UCp4wHZCrDhITkiUILOd4gRw/playlists/</link>
        </plugin>

        <plugin>
            <title>Documentary Films Channel</title>
            <meta>
                <summary>Your one stop place for interesting and well produced Documentary Films. Documentary, Documentary Films, Top Documentary Films.</summary>
            </meta>
            <link>plugin://plugin.video.youtube/channel/UC4fwaXy-n_NNc2gkrwy8sxw/playlists/</link>
        </plugin>

        <plugin>
            <title>Documentary Channel</title>
            <meta>
                <summary>Various documentaries</summary>
            </meta>
            <link>plugin://plugin.video.youtube/channel/UC8csOGmK1fpY77XgrGVcc8A/playlists/</link>
        </plugin>

        <plugin>
            <title>DW Documentary</title>
            <meta>
                <summary>DW Documentary gives you knowledge beyond the headlines. Watch high-class documentaries from German broadcasters and international production companies. Meet intriguing people, travel to distant lands, get a look behind the complexities of daily life and build a deeper understanding of current affairs and global events. Subscribe and explore the world around you with DW Documentary from Deutsche Welle (DW), Germany's international broadcaster.</summary>
            </meta>
            <link>plugin://plugin.video.youtube/channel/UCW39zufHfsuGgpLviKh297Q/playlists/</link>
        </plugin>

        <plugin>
            <title>East Point Pictures</title>
            <meta>
                <summary>This youtube channel hosts the work of East Point Pictures, a production company of one.</summary>
            </meta>
            <link>plugin://plugin.video.youtube/channel/UCnZE31exdcOUfKxjO4kWbSw/playlists/</link>
        </plugin>

        <plugin>
            <title>History Channel Documentary Collection</title>
            <meta>
                <summary>History was launched on January 1, 1995 as The History Channel, its original format focused entirely on historical series and specials.</summary>
            </meta>
            <link>plugin://plugin.video.youtube/playlist/PLlHanBMNk-DIARcehW2vDIuPXOQ8v6xG1/</link>
        </plugin>

        <plugin>
            <title>Military Documentary channel</title>
            <meta>
                <summary>Go behind the lines with Military Documentary Channel for an up-close look at all things military. Learn about the latest Military Technology, Military History, Military War and other related Military Documentary Films.</summary>
            </meta>
            <link>plugin://plugin.video.youtube/channel/UCfK19qFTOKudHXWc3TP8VKA/playlists/</link>
        </plugin>

        <plugin>
            <title>Mobeus Documentary Channel</title>
            <meta>
                <summary>Mobeus Documentary Channel</summary>
            </meta>
            <link>plugin://plugin.video.youtube/channel/UCzykvghxTfMLT6baVOy_stg/playlists/</link>
        </plugin>

        <plugin>
            <title>NWO Documentary Channel</title>
            <meta>
                <summary>Entertainment, information, history and conspiracy movements throughout history.</summary>
            </meta>
            <link>plugin://plugin.video.youtube/channel/UC47iudmMX8nM_ixY6Bcuz7Q/</link>
        </plugin>

        <plugin>
            <title>Ocean Documentary Channel</title>
            <meta>
                <summary>Ocean Documentary Channel</summary>
            </meta>
            <link>plugin://plugin.video.youtube/channel/UCBJ6glk1Wm1O5T4pajdol6Q/</link>
        </plugin>

        <plugin>
            <title>Sniper Documentary Channel</title>
            <meta>
                <summary>Sniper Documentary Channel</summary>
            </meta>
            <link>plugin://plugin.video.youtube/channel/UCzQpZ6niKlyM4tol66vXe6A/</link>
        </plugin>

        <plugin>
            <title>Top Documentaries Channel</title>
            <meta>
                <summary>Top Documentaries Channel</summary>
            </meta>
            <link>plugin://plugin.video.youtube/channel/UCiJidVBSbrJ2ldLzqZHwKow/</link>
        </plugin>

        <plugin>
            <title>Vice TV Channel</title>
            <meta>
                <summary>Vice TV Channel</summary>
            </meta>
            <link>plugin://plugin.video.youtube/channel/UCn8zNIfYAQNdrFRrr8oibKw/</link>
        </plugin>
    </tubas>
</xml>