<?xml version="1.0" encoding="UTF-8" standalone="yes"?>
    <addon id="repository.moria" name="Moria Repository" version="2018.10.05" provider-name="Irmu">
        <requires>
            <import addon="xbmc.addon" version="12.0.0"/>
        </requires>
        <extension point="xbmc.addon.repository" name="Moria Repository">
            <info compressed="false">https://raw.githubusercontent.com/irmu/moria/master/_zips/addons.xml</info>
            <checksum>https://raw.githubusercontent.com/irmu/moria/master/_zips/addons.xml.md5</checksum>
            <datadir zip="true">https://raw.githubusercontent.com/irmu/moria/master/_zips/</datadir>
            <hashes>false</hashes>
        </extension>
        <extension point="xbmc.addon.metadata">
            <summary>Moria Repository</summary>
            <description>The Doors of Durin, Lord of Moria. Speak, friend, and enter. I, Narvi, made them. Celebrimbor of Hollin drew these signs.</description>
            <platform>all</platform>
            <genre>movies,usa</genre>
        </extension>
    </addon>