################################################################ PORTUGAL, CARALHO!!! #####
###########################################################################################
<poster>GIMLI</poster>
###########################################################################################
******* this list was made with love. If you use it or share it, please credit it :) ******
************************************ sharing is caring ************************************
** Documentary
        <dir>
            <title>[COLOR FFff8000]DOCUMENTÁRIOS[/COLOR]</title>
            <summary>Secção documental - Some menus are shamelessly copied from MuadDib [Kudos to him mand his crew]</summary>
    	    <thumbnail>https://raw.githubusercontent.com/irmu/moria/master/_tools/art/gimli/camera.png</thumbnail>
        </dir>
<plugin>
     <name>[COLOR lightgreen]DOCUMENTÁRIOS RECENTES</name>
     <link>plugin://plugin.video.reddit_viewer/?mode=listSubReddit&amp;type=documentaries&amp;url=https%3a%2f%2fwww.reddit.com%2fr%2fdocumentaries%2f.json%3f%26limit%3d20</link>
     <thumbnail>https://raw.githubusercontent.com/irmu/moria/master/_tools/art/gimli/reddit.png</thumbnail>
     <summary>Diversos documentários powered pela comunidade do reddit</summary>
     <fanart></fanart>
</plugin>
        <dir>
            <title>[COLOR lightgreen]YOUTUBE</title>
            <summary>Secção de documentários do YouTube. Listagem de vários canais com conteudo relevante</summary>
            <link>file://documented/tubedocs.xml</link>
            <thumbnail>https://raw.githubusercontent.com/irmu/moria/master/_tools/art/gimli/camera.png</thumbnail>
        </dir>
	<dir>
            <title>[COLOR lightgreen]DOCUMENTARY HEAVEN</title>
            <summary>One Click Play section from Documentary Heaven</summary>
            <link>file://documented/docuheaven.xml</link>
            <thumbnail>https://raw.githubusercontent.com/irmu/moria/master/_tools/art/gimli/camera.png</thumbnail>
        </dir>
        <dir>
            <title>[COLOR lightgreen]DOCUMENTARY STORM</title>
            <summary>Documentários do Documentary Storm</summary>
            <link>file://documented/docustorm.xml</link>
            <thumbnail>https://raw.githubusercontent.com/irmu/moria/master/_tools/art/gimli/camera.png</thumbnail>
        </dir>
        <dir>
            <title>[COLOR lightgreen]TOP DOCUMENTARIES</title>
            <summary>Documentários do Top Documentary Films</summary>
            <link>file://documented/topdocs.xml</link>
            <thumbnail>https://raw.githubusercontent.com/irmu/moria/master/_tools/art/gimli/camera.png</thumbnail>
        </dir>