################################################################ PORTUGAL, CARALHO!!! #####
###########################################################################################
<poster>GIMLI</poster>
###########################################################################################
******* this list was made with love. If you use it or share it, please credit it :) ******
************************************ sharing is caring ************************************
** MOVIE selecta
<dir>
     <title>[COLOR FFff8000]GIMLI[/COLOR] » POPULAR</title>
     <tmdb>movies/popular</tmdb>
     <thumbnail>https://raw.githubusercontent.com/irmu/moria/master/_tools/art/gimli/clapper.png</thumbnail>
     <summary>Filmes mais populares no TMDB</summary>
     <fanart></fanart>
</dir>
 
<dir>
    <title>[COLOR FFff8000]GIMLI[/COLOR] » OSCARS 2019</title>
    <thumbnail>https://raw.githubusercontent.com/irmu/moria/master/_tools/art/gimli/clapper.png</thumbnail>
    <tmdb>list/106759</tmdb>
    <summary>Todos os vencedores de oscares de 2019</summary>
</dir>
 
<dir>
     <title>[COLOR FFff8000]GIMLI[/COLOR] » TOP RATED</title>
     <tmdb>movies/top_rated</tmdb>
     <thumbnail>https://raw.githubusercontent.com/irmu/moria/master/_tools/art/gimli/clapper.png</thumbnail>
     <summary>Os melhores cotados</summary>
     <fanart></fanart>
</dir>
 
<dir>
     <title>[COLOR FFff8000]GIMLI[/COLOR] » NOW PLAYING</title>
     <tmdb>movies/now_playing</tmdb>
     <thumbnail>https://raw.githubusercontent.com/irmu/moria/master/_tools/art/gimli/clapper.png</thumbnail>
     <summary>Toda a malta a picar o mambo</summary>
     <fanart></fanart>
</dir>
 
<dir>
    <title>[COLOR FFff8000]GIMLI[/COLOR] » UNIVERSO STAR WARS</title>
    <link>https://pastebin.com/raw/uUQ8FVPJ</link>
    <fanart>http://ukodi1.com/images/G4xUAWx.jpg</fanart>
    <thumbnail>http://uk1.site/images/movie.png</thumbnail>
    <summary>All Star Wars Movies</summary>
</dir>
 
<dir>
    <title>[COLOR FFff8000]GIMLI[/COLOR] » UNIVERSO STAR TREK</title>
    <trekkie>all</trekkie>
    <thumbnail>https://img.icons8.com/color/512/000000/star-trek-symbol.png</thumbnail>
    <fanart>https://wallpapercave.com/wp/KqRHMuM.jpg</fanart>
</dir>
 
<dir>
    <title>[COLOR FFff8000]GIMLI[/COLOR] » UNIVERSO MARVEL</title>
    <link>https://pastebin.com/raw/kcMQvx1p</link>
    <fanart>https://wallpapercave.com/wp/OrwQH05.jpg</fanart>
    <thumbnail></thumbnail>
    <summary>Universo Marvel</summary>
</dir>

<dir>
    <title>[COLOR FFff8000]GIMLI[/COLOR] » UNIVERSO DC COMICS</title>
    <link>https://pastebin.com/raw/kcMQvx1p</link>
    <fanart>https://www.gamelegends.it/wp-content/uploads/2018/05/dc-universe.jpg</fanart>
    <thumbnail></thumbnail>
    <summary>Universo Marvel</summary>
</dir>

<dir>
    <title>[COLOR FFff8000]GIMLI[/COLOR] » PRETO & BRANCO</title>
   <bnw>movies</bnw>
    <summary>Filmes do antigamente</summary>
    <thumbnail>https://pbs.twimg.com/profile_images/1004442158248554497/k4iRjaEN_400x400.jpg</thumbnail>
    <fanart>https://proxy.duckduckgo.com/iu/?u=http%3A%2F%2Fgetwallpapers.com%2Fwallpaper%2Ffull%2F5%2F7%2Fd%2F302415.jpg</fanart>
</dir>
 
<dir>
   <title>[COLOR FFff8000]GIMLI[/COLOR] » THE DUKE</title>
   <duke>all</duke>
    <thumbnail>https://pbs.twimg.com/profile_images/1004442158248554497/k4iRjaEN_400x400.jpg</thumbnail>
    <fanart>https://cdn.wallpapersafari.com/64/42/S8b2No.jpg</fanart>
    <summary>Filmes do John Wayne</summary>
</dir>
 
<dir>
    <title>[COLOR FFff8000]GIMLI[/COLOR] » PESQUISA</title>
    <tmdb>search</tmdb>
     <thumbnail></thumbnail>
     <summary>Curiosity killed the cat</summary>
    <fanart></fanart>
</dir>