<?xml version="1.0" encoding="UTF-8" standalone="yes"?>
<addon id="repository.moria" name="Moria Repository" version="2023.08.26" provider-name="Irmu">
    <extension point="xbmc.addon.repository" name="Moria Repository">
        <dir>
            <info compressed="false">https://raw.githubusercontent.com/irmu/moria/master/repo/zips/addons.xml</info>
            <checksum>https://raw.githubusercontent.com/irmu/moria/master/repo/zips/addons.xml.md5</checksum>
            <datadir zip="true">https://raw.githubusercontent.com/irmu/moria/master/repo/zips/</datadir>
        </dir>
    </extension>
    <extension point="xbmc.addon.metadata">
        <summary>Moria Repository</summary>
        <description>Moria where all things KODI reside</description>
        <disclaimer></disclaimer>
        <platform>all</platform>
        <assets>
            <icon>icon.png</icon>
            <fanart>fanart.jpg</fanart>
        </assets>
    </extension>
</addon>