<?xml version="1.0" encoding="UTF-8" standalone="yes"?>
<addon id="service.thoradia"
       name="Thoradia Add-ons"
       version="0.0.0.25"
       provider-name="thoradia">
  <requires>
    <import addon="xbmc.python" version="3.0.0"/>

  </requires>
  <extension point="xbmc.service" library="default.py">
    <provides></provides>
  </extension>
  <extension point="xbmc.addon.repository">
    <datadir zip="true">TBD</datadir>
    <info>TBD</info>
    <checksum>TBD</checksum>
  </extension>
  <extension point="xbmc.addon.metadata">
    <summary>Thoradia Add-ons: add-on repository</summary>
    <description>
Thoradia Add-ons (25) add-on repository.
    </description>
    <disclaimer>
Keep it legal and carry on
    </disclaimer>
    <platform>all</platform>
    <news>
    </news>
    <assets>
    </assets>
  </extension>
</addon>
