################################################################ PORTUGAL, CARALHO!!! #####
###########################################################################################
<poster>GIMLI</poster>
###########################################################################################
******* this list was made with love. If you use it or share it, please credit it :) ******
************************************ sharing is caring ************************************
** TV SHOwS

<dir>
     <title>[COLOR FFff8000]» POPULAR[/COLOR]</title>
     <tmdb>tv/popular</tmdb>
     <thumbnail></thumbnail>
	 <summary>TMDB Most popular TV Shows</summary>
     <fanart></fanart>
</dir>

<dir>
     <title>» TOP RATED</title>
     <tmdb>tv/top_rated</tmdb>
     <thumbnail></thumbnail>
	 <summary>TMDB Top TV Shows</summary>
     <fanart></fanart>
</dir>

<dir>
     <title>» AIRING TODAY</title>
     <tmdb>tv/today</tmdb>
     <thumbnail></thumbnail>
	 <summary>Airing today</summary>
     <fanart></fanart>
</dir>

<dir>
     <title>[COLOR FFff8000]» SEARCH[/COLOR]</title>
     <tmdb>search</tmdb>
	 <thumbnail></thumbnail>
	 <summary>Curiosity killed the cat</summary>
     <fanart></fanart>
</dir>