<?xml version="1.0" encoding="UTF-8" standalone="yes"?>
<addon id="service.radagast"
    name="Radagast" version="2018.10.05" provider-name="Lórien">
  <requires>
    <import addon="xbmc.python" version="2.1.0"/>
  </requires>
  <extension point="xbmc.service" library="default.py" start="login" />
  <extension point="xbmc.python.script" library="default.py">
    <provides>executable</provides>
  </extension>
  <extension point="xbmc.addon.metadata">
    <summary lang="en">Automatic Search for Subtitles upon Playback.</summary>
    <description lang="en">Automatic Search for Subtitles upon Playback. Credits to all previous/original developers. This is just a rebranding for personal use.</description>
    <platform>all</platform>
    <language>en</language>
  </extension>
</addon>
