<?xml version="1.0" encoding="UTF-8" standalone="yes"?>
<addon id="base" name="[COLOR cyan]NIMBLE[/COLOR]" version="27.07.2019" provider-name="[COLOR red]IRMU[/COLOR]">
  <requires>
    <import addon="xbmc.python" version="2.1.0"/>
  </requires>
  <extension point="xbmc.python.pluginsource" library="default.py">
        <provides>program executable</provides>
  </extension>
  <extension point="xbmc.addon.metadata">
    <summary lang="en">basic install for kodi</summary>
    <description lang="en">basic install for kodi</description>
    <platform>all</platform>
  </extension>
</addon>