<k7pirata>
	<bela>
		<plugin>
			<title>The Turin Horse (2011)</title>
			<meta>
			<content>movie</content>
			<imdb>tt0415127</imdb>
			<title> The Turin Horse (2011)</title>
			<year>2011</year>
			</meta>
            <link>
			<sublink>plugin://plugin.video.quasar/play?uri=magnet:?xt=urn:btih:1b5eba545b1042311732c77f515c12fe4029dc99&dn=Turinskaya.loshad.2011.TRIPLE.BDRip.XviD.AC3.-HQCLUB&tr=http%3a%2f%2fbt4.t-ru.org%2fann%3fmagnet</sublink>
            </link>
			<thumbnail>https://image.tmdb.org/t/p/w600_and_h900_bestv2/2kSElneXSKmMsGL55k0CbPGqLbu.jpg</thumbnail>      
			<fanart>https://image.tmdb.org/t/p/original/kv5po5ix9oeP2cnEVmBCC4O68yT.jpg</fanart>    
		</plugin>

		<plugin>
			<title>The Man from London (2007)</title>
			<meta>
			<content>movie</content>
			<imdb>tt0415127</imdb>
			<title>The Man from London (2007)</title>
			<year>2007</year>
			</meta>
            <link>
			<sublink>plugin://plugin.video.quasar/play?uri=magnet:?xt=urn:btih:1557E1D71CA8E5887063A16954A137085902A3DE&tr=http%3A%2F%2Fbt3.t-ru.org%2Fann%3Fmagnet&dn=%D0%A7%D0%B5%D0%BB%D0%BE%D0%B2%D0%B5%D0%BA%20%D0%B8%D0%B7%20%D0%9B%D0%BE%D0%BD%D0%B4%D0%BE%D0%BD%D0%B0%20%2F%20The%20man%20from%20London%20%2F%20A%20Londoni%20ferfi%20%2F%20L'Homme%20de%20Londres%20(%D0%91%D0%B5%D0%BB%D0%B0%20%D0%A2%D0%B0%D1%80%D1%80%20%2F%20Bela%20Tarr)%20%5B2007%2C%20%D0%92%D0%B5%D0%BD%D0%B3%D1%80%D0%B8%D1%8F%2C%20%D0%B4%D1%80%D0%B0%D0%BC%D0%B0%2C%20DVDRip%5D%20Original%20%2B%20Sub%20</sublink>
            </link>
			<thumbnail>https://image.tmdb.org/t/p/original/poBhgpN4fJfzaRuG4wMLah3rHLw.jpg</thumbnail>      
			<fanart>https://image.tmdb.org/t/p/original/xgJt1f0OkcSsbWNQaoKddPIOgCh.jpg</fanart>     
		</plugin>

		<plugin>
			<title>Werckmeister Harmonies (2000)</title>
			<meta>
			<content>movie</content>
			<imdb>tt0249241</imdb>
			<title>Werckmeister Harmonies (2000)</title>
			<year>2000</year>
			</meta>
            <link>
			<sublink>plugin://plugin.video.quasar/play?uri=magnet:?xt=urn:btih:a6c649c4c90659aa251443cf5a2ddb4b86f15faa&dn=Werckmeister%20harmoniak_(Werckmeister%20Harmonies)_2000_DVDRip-AVC&tr=http%3a%2f%2fbt.t-ru.org%2fann%3fmagnet</sublink>
            </link>
			<thumbnail>https://image.tmdb.org/t/p/w1280/nxWEG9JzmJx3eLE8y7CUHmaj3CE.jpg</thumbnail>       
		</plugin>
		
		<plugin>
			<title>Satan's Tango (1994)</title>
			<meta>
			<content>movie</content>
			<imdb>tt0111341</imdb>
			<title>Satan's Tango (1994)</title>
			<year>1994</year>
			</meta>
            <link>
			<sublink>plugin://plugin.video.quasar/play?uri=magnet:?xt=urn:btih:14ff8c7caad8300650e652609d4ccc6dc3139505&dn=Satantango.1994.part_1-3.DVDRip-AVC.AC3(Chadov)&tr=http%3a%2f%2fbt4.t-ru.org%2fann%3fmagnet</sublink>
            </link>
			<thumbnail>https://image.tmdb.org/t/p/w1280/y38z0v4HJ12MHiKddLEoFlvPiBt.jpg</thumbnail>      
			<fanart>https://image.tmdb.org/t/p/original/gsrIqGWWz3Gzq3gdaVUU9EFE0QW.jpg</fanart>  
		</plugin>	
	
		<plugin>
			<title>Damnation (1988)</title>
			<meta>
			<content>movie</content>
			<imdb>tt0095475</imdb>
			<title>Damnation (1988)</title>
			<year>1988</year>
			</meta>
            <link>
			<sublink>plugin://plugin.video.quasar/play?uri=magnet:?xt=urn:btih:c0e9287f83c378c1cdaf35011f069a5a585a2473&dn=Damnation&tr=http%3a%2f%2fbt3.t-ru.org%2fann%3fmagnet</sublink>
            </link>
			<thumbnail>https://image.tmdb.org/t/p/w1280/aPH4lMgw0ADL7mJWxc5HZaxcbjg.jpg</thumbnail>      
			<fanart>https://image.tmdb.org/t/p/original/7NThUBzgNafbgNilsg19VdasdKI.jpg</fanart>  
		</plugin>	
	
		<plugin>
			<title>Autumn Almanac (1984)</title>
			<meta>
			<content>movie</content>
			<imdb>tt0087855</imdb>
			<title>Autumn Almanac (1984)</title>
			<year>1984</year>
			</meta>
            <link>
			<sublink>plugin://plugin.video.quasar/play?uri=plugin://plugin.video.quasar/play?uri=magnet:?xt=urn:btih:d3109659b18524a6c9ef2e0675da137a77611cd0&dn=Almanac%20of%20Fall&tr=udp%3a%2f%2ftracker.coppersurfer.tk%3a6969%2fannounce&tr=udp%3a%2f%2f9.rarbg.to%3a2710%2fannounce&tr=udp%3a%2f%2ftracker.opentrackr.org%3a1337%2fannounce&tr=udp%3a%2f%2ftracker.leechers-paradise.org%3a6969%2fannounce&tr=udp%3a%2f%2ftracker.open-internet.nl%3a6969%2fannounce&tr=udp%3a%2f%2fopen.demonii.si%3a1337%2fannounce&tr=udp%3a%2f%2ftracker.pirateparty.gr%3a6969%2fannounce&tr=udp%3a%2f%2fdenis.stalker.upeer.me%3a6969%2fannounce&tr=udp%3a%2f%2fp4p.arenabg.com%3a1337%2fannounce&tr=udp%3a%2f%2fexodus.desync.com%3a6969%2fannounce</sublink>
			</link>
			<thumbnail>https://image.tmdb.org/t/p/w1280/w1zFwAX87FwLvx9JEHnhFCf5kZj.jpg</thumbnail>  
		</plugin>	
	
		<plugin>
			<title>Family Nest (1977)</title>
			<meta>
			<content>movie</content>
			<imdb>tt0077383</imdb>
			<title>Family Nest (1977)</title>
			<year>1977</year>
			</meta>
            <link>
			<sublink>plugin://plugin.video.quasar/play?uri=magnet:?xt=urn:btih:d4db03ddc9deeb287d1f39b603b2893153568d35&dn=Csaladi%20tuzfeszek%20AKA%20Family%20Nest%20(1979)&tr=http%3a%2f%2fbt3.t-ru.org%2fann%3fmagnet</sublink>
            <sublink>plugin://plugin.video.quasar/play?uri=magnet:?xt=urn:btih:8412a084be2ff5ec18613a633e1bf6b06deda3fe&dn=Csal%c3%a1di%20t%c3%bczf%c3%a9szek%20aka%20Family%20Nest%20(Bela%20Tarr%2c%201979)&tr=udp%3a%2f%2ftracker.coppersurfer.tk%3a6969%2fannounce&tr=udp%3a%2f%2f9.rarbg.to%3a2710%2fannounce&tr=udp%3a%2f%2ftracker.opentrackr.org%3a1337%2fannounce&tr=udp%3a%2f%2ftracker.leechers-paradise.org%3a6969%2fannounce&tr=udp%3a%2f%2ftracker.open-internet.nl%3a6969%2fannounce&tr=udp%3a%2f%2fopen.demonii.si%3a1337%2fannounce&tr=udp%3a%2f%2ftracker.pirateparty.gr%3a6969%2fannounce&tr=udp%3a%2f%2fdenis.stalker.upeer.me%3a6969%2fannounce&tr=udp%3a%2f%2fp4p.arenabg.com%3a1337%2fannounce&tr=udp%3a%2f%2fexodus.desync.com%3a6969%2fannounce</sublink>
			</link>
			<thumbnail>https://image.tmdb.org/t/p/original/iYLungaPFNsXAFy5lL7YZNWt2S0.jpg</thumbnail>      
			<fanart>https://image.tmdb.org/t/p/original/hjIEvUldc2lbxKZi6og3G39gLpK.jpg</fanart>  
		</plugin>	
	</bela>
</k7pirata>