<xml>
	<dir>
		<title>Béla Tarr</title>
		<summary>Béla Tarr (born July 21, 1955) is an acclaimed Hungarian film director. Much of his work is marked by philosophical elements and a pessimistic view of humanity. His films utilize unconventional storytelling methods, such as long takes and/or non-professional actors to achieve realism.

Debuting with his film Family Nest in 1979, Tarr underwent a period of what he refers to as "social cinema", aimed at telling mundane stories about ordinary people, often in the style of cinema vérité. Over the next decade, the cinematography of Tarr's films gradually changed; Damnation (1988) was shot with languid camera movement aimed at establishing ambience. It marked Tarr's earliest experimentation with philosophical themes, focused mostly on bleak and desolate representations of reality. Sátántangó (1994) and Werckmeister Harmonies (2000) continued this approach; both are considered by some critics to be among the greatest films ever made. Tarr would later compete in the 2007 Cannes Film Festival with his film The Man From London.

Frequent collaborators of Tarr include his wife Ágnes Hranitzky, novelist László Krasznahorkai, film composer Mihály Víg, cinematographer Fred Kelemen, and actress Erika Bók. After the release of his film The Turin Horse (2011), Tarr announced his definitive retirement from film direction. He has been teaching at the Sarajevo Film School since.</summary>
		<thumbnail>https://assets.mubicdn.net/images/cast_member/4125/image-original.jpg?1343744429</thumbnail>
		<link>file://maestros/belatarr.xml</link>
	</dir>
	
	<dir>
		<title>James Ivory</title>
		<summary>James Francis Ivory (born June 7, 1928) is an American film director, best known for the results of his long collaboration with Merchant Ivory Productions, which included both Indian-born film producer Ismail Merchant, and screenwriter Ruth Prawer Jhabvala. Their films won six Academy Awards.

Ivory has been nominated three times for the Best Director Oscar, and won his first Academy Award at the age of 89 in 2018, Best Adapted Screenplay for Call Me by Your Name.</summary>
		<thumbnail>https://image.tmdb.org/t/p/w1280/4w9QeQuT2UK1v3IDy6pa8cGodW.jpg</thumbnail>
		<link>file://maestros/jamesivory.xml</link>
	</dir>
	
</xml>
