<?xml version="1.0" encoding="UTF-8" standalone="yes"?>
<addon id="script.gandalf" name="GANDALF" version="2018.12.31" provider-name="Lórien">
  <requires>
    <import addon="xbmc.python" version="2.1.0"/>
    <import addon="script.module.requests" version="1.0.0" />
  </requires>
  <extension point="xbmc.python.pluginsource" library="default.py"> 
     <provides>executable</provides> 
  </extension> 
  <extension point="xbmc.service" library="service.py" start="startup" />
  <extension point="xbmc.addon.metadata">
	<summary>GANDALF - A simple fork of EZ Maintenance+</summary>
	<description>Well, here at last, dear friends, on the shores of the sea comes the end of our fellowship in middle-earth. Go in peace! I will not say: do not weep for not all tears are an evil.</description>
    <language></language>
    <platform>all</platform>
    <license>The MIT License</license>
    <forum>-</forum>
    <source>https://github.com</source>
  </extension>
</addon>
