############################################################## PORTUGAL, CARALHO!!! #######
###########################################################################################

<item>
<title>[COLOR FFff8000][B]»» TYRELL ««[/B][/COLOR]</title>
<link>http://nopr0n</link>
<thumbnail>https://i.imgur.com/DaKeSHT.png</thumbnail>
<fanart>https://i.imgur.com/zb70ukw.jpg</fanart>
<info>More Human Than Human</info>
</item>

<item>
<title>[COLOR lightgreen]» CORANAVIRUS[/COLOR]</title>
<link>http://nopr0n</link>
<thumbnail>https://i.imgur.com/DaKeSHT.png</thumbnail>
<fanart>https://i.imgur.com/zb70ukw.jpg</fanart>
<externallink>https://pastebin.com/raw/XSfUJ0sH</externallink>
<info>Evolução do Coronavirus</info>
</item>

<item>
<title>[COLOR lightblue]» SPORTS SECTION[/COLOR]</title>
<link>http://nopr0n</link>
<thumbnail>https://raw.githubusercontent.com/irmu/moria/master/_tools/art/k7pirata/foot.png</thumbnail>
<fanart>https://i.imgur.com/zb70ukw.jpg</fanart>
<externallink>https://pastebin.com/raw/QLdrZCtq</externallink>
<info>SPORTS SECTION</info>
</item>

<item>
<title>[COLOR lightblue]» MOVIES[/COLOR]</title>
<link>http://nopr0n</link>
<thumbnail>https://raw.githubusercontent.com/irmu/gimli/master/_tools/art/clapper.png</thumbnail>
<fanart>https://i.imgur.com/zb70ukw.jpg</fanart>
<externallink>https://pastebin.com/raw/5bDp69nr</externallink>
<info>INTO THE FLIX</info>
</item>

<item>
<title>[COLOR lightblue]» TV SHOWS[/COLOR]</title>
<link>http://nopr0n</link>
<thumbnail>https://raw.githubusercontent.com/irmu/gimli/master/_tools/art/TV.png</thumbnail>
<fanart>https://i.imgur.com/zb70ukw.jpg</fanart>
<externallink>https://pastebin.com/raw/WTkAJS5X</externallink>
<info>TV HOW SECTION</info>
</item>

<item>
<title>[COLOR lightblue]» DOCUMENTARY ZONE[/COLOR]</title>
<link>http://nopr0n</link>
<thumbnail>https://raw.githubusercontent.com/irmu/gimli/master/_tools/art/camera.png</thumbnail>
<fanart>https://i.imgur.com/zb70ukw.jpg</fanart>
<externallink>https://pastebin.com/raw/dXYRS9vG</externallink>
<info>DOCUMENTARY ZONE</info>
</item>